,subj_sess,trial,trial_phase,gameState,index,time,duration,time_bins,time_bin_dur,n_time_bins
0,U540_ses0,1,1,Delay1,"[12, 27]","[745471, 755487]",10016,"[745471 745971 746471 746971 747471 747971 748471 748971 749471 749971
 750471 750971 751471 751971 752471 752971 753471 753971 754471 754971
 755471]",10000,20
1,U540_ses0,1,2,Encoding,"[27, 929]","[755487, 785504]",30017,"[755487 755987 756487 756987 757487 757987 758487 758987 759487 759987
 760487 760987 761487 761987 762487 762987 763487 763987 764487 764987
 765487 765987 766487 766987 767487 767987 768487 768987 769487 769987
 770487 770987 771487 771987 772487 772987 773487 773987 774487 774987
 775487 775987 776487 776987 777487 777987 778487 778987 779487 779987
 780487 780987 781487 781987 782487 782987 783487 783987 784487 784987
 785487]",30000,60
2,U540_ses0,1,3,ReturnToBase1,"[929, 1142]","[785504, 792504]",7000,"[785504 786004 786504 787004 787504 788004 788504 789004 789504 790004
 790504 791004 791504 792004]",6500,13
3,U540_ses0,1,4,Delay2,"[1155, 1169]","[794520, 804537]",10017,"[794520 795020 795520 796020 796520 797020 797520 798020 798520 799020
 799520 800020 800520 801020 801520 802020 802520 803020 803520 804020
 804520]",10000,20
4,U540_ses0,1,5,Retrieval,"[1169, 2063]","[804537, 834553]",30016,"[804537 805037 805537 806037 806537 807037 807537 808037 808537 809037
 809537 810037 810537 811037 811537 812037 812537 813037 813537 814037
 814537 815037 815537 816037 816537 817037 817537 818037 818537 819037
 819537 820037 820537 821037 821537 822037 822537 823037 823537 824037
 824537 825037 825537 826037 826537 827037 827537 828037 828537 829037
 829537 830037 830537 831037 831537 832037 832537 833037 833537 834037
 834537]",30000,60
5,U540_ses0,1,6,ReturnToBase2,"[2063, 2445]","[834553, 847353]",12800,"[834553 835053 835553 836053 836553 837053 837553 838053 838553 839053
 839553 840053 840553 841053 841553 842053 842553 843053 843553 844053
 844553 845053 845553 846053 846553 847053]",12500,25
6,U540_ses0,2,1,Delay1,"[2462, 2476]","[849386, 859403]",10017,"[849386 849886 850386 850886 851386 851886 852386 852886 853386 853886
 854386 854886 855386 855886 856386 856886 857386 857886 858386 858886
 859386]",10000,20
7,U540_ses0,2,2,Encoding,"[2476, 3377]","[859403, 889419]",30016,"[859403 859903 860403 860903 861403 861903 862403 862903 863403 863903
 864403 864903 865403 865903 866403 866903 867403 867903 868403 868903
 869403 869903 870403 870903 871403 871903 872403 872903 873403 873903
 874403 874903 875403 875903 876403 876903 877403 877903 878403 878903
 879403 879903 880403 880903 881403 881903 882403 882903 883403 883903
 884403 884903 885403 885903 886403 886903 887403 887903 888403 888903
 889403]",30000,60
8,U540_ses0,2,3,ReturnToBase1,"[3377, 3547]","[889419, 895037]",5618,"[889419 889919 890419 890919 891419 891919 892419 892919 893419 893919
 894419 894919]",5500,11
9,U540_ses0,2,4,Delay2,"[3560, 3576]","[897052, 907069]",10017,"[897052 897552 898052 898552 899052 899552 900052 900552 901052 901552
 902052 902552 903052 903552 904052 904552 905052 905552 906052 906552
 907052]",10000,20
10,U540_ses0,2,5,Retrieval,"[3576, 4475]","[907069, 937084]",30015,"[907069 907569 908069 908569 909069 909569 910069 910569 911069 911569
 912069 912569 913069 913569 914069 914569 915069 915569 916069 916569
 917069 917569 918069 918569 919069 919569 920069 920569 921069 921569
 922069 922569 923069 923569 924069 924569 925069 925569 926069 926569
 927069 927569 928069 928569 929069 929569 930069 930569 931069 931569
 932069 932569 933069 933569 934069 934569 935069 935569 936069 936569
 937069]",30000,60
11,U540_ses0,2,6,ReturnToBase2,"[4475, 4947]","[937084, 952884]",15800,"[937084 937584 938084 938584 939084 939584 940084 940584 941084 941584
 942084 942584 943084 943584 944084 944584 945084 945584 946084 946584
 947084 947584 948084 948584 949084 949584 950084 950584 951084 951584
 952084 952584]",15500,31
12,U540_ses0,3,1,Delay1,"[4962, 4979]","[954885, 964901]",10016,"[954885 955385 955885 956385 956885 957385 957885 958385 958885 959385
 959885 960385 960885 961385 961885 962385 962885 963385 963885 964385
 964885]",10000,20
13,U540_ses0,3,2,Encoding,"[4979, 5867]","[964901, 994917]",30016,"[964901 965401 965901 966401 966901 967401 967901 968401 968901 969401
 969901 970401 970901 971401 971901 972401 972901 973401 973901 974401
 974901 975401 975901 976401 976901 977401 977901 978401 978901 979401
 979901 980401 980901 981401 981901 982401 982901 983401 983901 984401
 984901 985401 985901 986401 986901 987401 987901 988401 988901 989401
 989901 990401 990901 991401 991901 992401 992901 993401 993901 994401
 994901]",30000,60
14,U540_ses0,3,3,ReturnToBase1,"[5867, 5868]","[994917, 994917]",0,[],0,0
15,U540_ses0,3,4,Delay2,"[5878, 5896]","[996917, 1006935]",10018,"[ 996917  997417  997917  998417  998917  999417  999917 1000417 1000917
 1001417 1001917 1002417 1002917 1003417 1003917 1004417 1004917 1005417
 1005917 1006417 1006917]",10000,20
16,U540_ses0,3,5,Retrieval,"[5896, 6691]","[1006935, 1036949]",30014,"[1006935 1007435 1007935 1008435 1008935 1009435 1009935 1010435 1010935
 1011435 1011935 1012435 1012935 1013435 1013935 1014435 1014935 1015435
 1015935 1016435 1016935 1017435 1017935 1018435 1018935 1019435 1019935
 1020435 1020935 1021435 1021935 1022435 1022935 1023435 1023935 1024435
 1024935 1025435 1025935 1026435 1026935 1027435 1027935 1028435 1028935
 1029435 1029935 1030435 1030935 1031435 1031935 1032435 1032935 1033435
 1033935 1034435 1034935 1035435 1035935 1036435 1036935]",30000,60
17,U540_ses0,3,6,ReturnToBase2,"[6691, 6692]","[1036949, 1036949]",0,[],0,0
18,U540_ses0,4,1,Delay1,"[6706, 6723]","[1038950, 1048965]",10015,"[1038950 1039450 1039950 1040450 1040950 1041450 1041950 1042450 1042950
 1043450 1043950 1044450 1044950 1045450 1045950 1046450 1046950 1047450
 1047950 1048450 1048950]",10000,20
19,U540_ses0,4,2,Encoding,"[6723, 7630]","[1048965, 1078983]",30018,"[1048965 1049465 1049965 1050465 1050965 1051465 1051965 1052465 1052965
 1053465 1053965 1054465 1054965 1055465 1055965 1056465 1056965 1057465
 1057965 1058465 1058965 1059465 1059965 1060465 1060965 1061465 1061965
 1062465 1062965 1063465 1063965 1064465 1064965 1065465 1065965 1066465
 1066965 1067465 1067965 1068465 1068965 1069465 1069965 1070465 1070965
 1071465 1071965 1072465 1072965 1073465 1073965 1074465 1074965 1075465
 1075965 1076465 1076965 1077465 1077965 1078465 1078965]",30000,60
20,U540_ses0,4,3,ReturnToBase1,"[7630, 7631]","[1078983, 1078983]",0,[],0,0
21,U540_ses0,4,4,Delay2,"[7643, 7658]","[1081000, 1091015]",10015,"[1081000 1081500 1082000 1082500 1083000 1083500 1084000 1084500 1085000
 1085500 1086000 1086500 1087000 1087500 1088000 1088500 1089000 1089500
 1090000 1090500 1091000]",10000,20
22,U540_ses0,4,5,Retrieval,"[7658, 8490]","[1091015, 1121031]",30016,"[1091015 1091515 1092015 1092515 1093015 1093515 1094015 1094515 1095015
 1095515 1096015 1096515 1097015 1097515 1098015 1098515 1099015 1099515
 1100015 1100515 1101015 1101515 1102015 1102515 1103015 1103515 1104015
 1104515 1105015 1105515 1106015 1106515 1107015 1107515 1108015 1108515
 1109015 1109515 1110015 1110515 1111015 1111515 1112015 1112515 1113015
 1113515 1114015 1114515 1115015 1115515 1116015 1116515 1117015 1117515
 1118015 1118515 1119015 1119515 1120015 1120515 1121015]",30000,60
23,U540_ses0,4,6,ReturnToBase2,"[8490, 8491]","[1121031, 1121031]",0,[],0,0
24,U540_ses0,5,1,Delay1,"[8507, 8522]","[1123049, 1133065]",10016,"[1123049 1123549 1124049 1124549 1125049 1125549 1126049 1126549 1127049
 1127549 1128049 1128549 1129049 1129549 1130049 1130549 1131049 1131549
 1132049 1132549 1133049]",10000,20
25,U540_ses0,5,2,Encoding,"[8522, 9544]","[1133065, 1163080]",30015,"[1133065 1133565 1134065 1134565 1135065 1135565 1136065 1136565 1137065
 1137565 1138065 1138565 1139065 1139565 1140065 1140565 1141065 1141565
 1142065 1142565 1143065 1143565 1144065 1144565 1145065 1145565 1146065
 1146565 1147065 1147565 1148065 1148565 1149065 1149565 1150065 1150565
 1151065 1151565 1152065 1152565 1153065 1153565 1154065 1154565 1155065
 1155565 1156065 1156565 1157065 1157565 1158065 1158565 1159065 1159565
 1160065 1160565 1161065 1161565 1162065 1162565 1163065]",30000,60
26,U540_ses0,5,3,ReturnToBase1,"[9544, 9813]","[1163080, 1170913]",7833,"[1163080 1163580 1164080 1164580 1165080 1165580 1166080 1166580 1167080
 1167580 1168080 1168580 1169080 1169580 1170080 1170580]",7500,15
27,U540_ses0,5,4,Delay2,"[9825, 9840]","[1172930, 1182931]",10001,"[1172930 1173430 1173930 1174430 1174930 1175430 1175930 1176430 1176930
 1177430 1177930 1178430 1178930 1179430 1179930 1180430 1180930 1181430
 1181930 1182430 1182930]",10000,20
28,U540_ses0,5,5,Retrieval,"[9840, 10861]","[1182931, 1212946]",30015,"[1182931 1183431 1183931 1184431 1184931 1185431 1185931 1186431 1186931
 1187431 1187931 1188431 1188931 1189431 1189931 1190431 1190931 1191431
 1191931 1192431 1192931 1193431 1193931 1194431 1194931 1195431 1195931
 1196431 1196931 1197431 1197931 1198431 1198931 1199431 1199931 1200431
 1200931 1201431 1201931 1202431 1202931 1203431 1203931 1204431 1204931
 1205431 1205931 1206431 1206931 1207431 1207931 1208431 1208931 1209431
 1209931 1210431 1210931 1211431 1211931 1212431 1212931]",30000,60
29,U540_ses0,5,6,ReturnToBase2,"[10861, 10897]","[1212946, 1213846]",900,[1212946 1213446],500,1
30,U540_ses0,6,1,Delay1,"[10915, 10930]","[1215848, 1225863]",10015,"[1215848 1216348 1216848 1217348 1217848 1218348 1218848 1219348 1219848
 1220348 1220848 1221348 1221848 1222348 1222848 1223348 1223848 1224348
 1224848 1225348 1225848]",10000,20
31,U540_ses0,6,2,Encoding,"[10930, 11952]","[1225863, 1255880]",30017,"[1225863 1226363 1226863 1227363 1227863 1228363 1228863 1229363 1229863
 1230363 1230863 1231363 1231863 1232363 1232863 1233363 1233863 1234363
 1234863 1235363 1235863 1236363 1236863 1237363 1237863 1238363 1238863
 1239363 1239863 1240363 1240863 1241363 1241863 1242363 1242863 1243363
 1243863 1244363 1244863 1245363 1245863 1246363 1246863 1247363 1247863
 1248363 1248863 1249363 1249863 1250363 1250863 1251363 1251863 1252363
 1252863 1253363 1253863 1254363 1254863 1255363 1255863]",30000,60
32,U540_ses0,6,3,ReturnToBase1,"[11952, 11958]","[1255880, 1255979]",99,[1255880],0,0
33,U540_ses0,6,4,Delay2,"[11971, 11988]","[1257979, 1267980]",10001,"[1257979 1258479 1258979 1259479 1259979 1260479 1260979 1261479 1261979
 1262479 1262979 1263479 1263979 1264479 1264979 1265479 1265979 1266479
 1266979 1267479 1267979]",10000,20
34,U540_ses0,6,5,Retrieval,"[11988, 12998]","[1267980, 1297996]",30016,"[1267980 1268480 1268980 1269480 1269980 1270480 1270980 1271480 1271980
 1272480 1272980 1273480 1273980 1274480 1274980 1275480 1275980 1276480
 1276980 1277480 1277980 1278480 1278980 1279480 1279980 1280480 1280980
 1281480 1281980 1282480 1282980 1283480 1283980 1284480 1284980 1285480
 1285980 1286480 1286980 1287480 1287980 1288480 1288980 1289480 1289980
 1290480 1290980 1291480 1291980 1292480 1292980 1293480 1293980 1294480
 1294980 1295480 1295980 1296480 1296980 1297480 1297980]",30000,60
35,U540_ses0,6,6,ReturnToBase2,"[12998, 13102]","[1297996, 1300996]",3000,[1297996 1298496 1298996 1299496 1299996 1300496],2500,5
36,U540_ses0,7,1,Delay1,"[13119, 13134]","[1303012, 1313029]",10017,"[1303012 1303512 1304012 1304512 1305012 1305512 1306012 1306512 1307012
 1307512 1308012 1308512 1309012 1309512 1310012 1310512 1311012 1311512
 1312012 1312512 1313012]",10000,20
37,U540_ses0,7,2,Encoding,"[13134, 14038]","[1313029, 1343044]",30015,"[1313029 1313529 1314029 1314529 1315029 1315529 1316029 1316529 1317029
 1317529 1318029 1318529 1319029 1319529 1320029 1320529 1321029 1321529
 1322029 1322529 1323029 1323529 1324029 1324529 1325029 1325529 1326029
 1326529 1327029 1327529 1328029 1328529 1329029 1329529 1330029 1330529
 1331029 1331529 1332029 1332529 1333029 1333529 1334029 1334529 1335029
 1335529 1336029 1336529 1337029 1337529 1338029 1338529 1339029 1339529
 1340029 1340529 1341029 1341529 1342029 1342529 1343029]",30000,60
38,U540_ses0,7,3,ReturnToBase1,"[14038, 14419]","[1343044, 1355694]",12650,"[1343044 1343544 1344044 1344544 1345044 1345544 1346044 1346544 1347044
 1347544 1348044 1348544 1349044 1349544 1350044 1350544 1351044 1351544
 1352044 1352544 1353044 1353544 1354044 1354544 1355044 1355544]",12500,25
39,U540_ses0,7,4,Delay2,"[14430, 14447]","[1357695, 1367710]",10015,"[1357695 1358195 1358695 1359195 1359695 1360195 1360695 1361195 1361695
 1362195 1362695 1363195 1363695 1364195 1364695 1365195 1365695 1366195
 1366695 1367195 1367695]",10000,20
40,U540_ses0,7,5,Retrieval,"[14447, 15261]","[1367710, 1397728]",30018,"[1367710 1368210 1368710 1369210 1369710 1370210 1370710 1371210 1371710
 1372210 1372710 1373210 1373710 1374210 1374710 1375210 1375710 1376210
 1376710 1377210 1377710 1378210 1378710 1379210 1379710 1380210 1380710
 1381210 1381710 1382210 1382710 1383210 1383710 1384210 1384710 1385210
 1385710 1386210 1386710 1387210 1387710 1388210 1388710 1389210 1389710
 1390210 1390710 1391210 1391710 1392210 1392710 1393210 1393710 1394210
 1394710 1395210 1395710 1396210 1396710 1397210 1397710]",30000,60
41,U540_ses0,7,6,ReturnToBase2,"[15261, 15262]","[1397728, 1397728]",0,[],0,0
42,U540_ses0,8,1,Delay1,"[15278, 15293]","[1399743, 1409760]",10017,"[1399743 1400243 1400743 1401243 1401743 1402243 1402743 1403243 1403743
 1404243 1404743 1405243 1405743 1406243 1406743 1407243 1407743 1408243
 1408743 1409243 1409743]",10000,20
43,U540_ses0,8,2,Encoding,"[15293, 16189]","[1409760, 1439777]",30017,"[1409760 1410260 1410760 1411260 1411760 1412260 1412760 1413260 1413760
 1414260 1414760 1415260 1415760 1416260 1416760 1417260 1417760 1418260
 1418760 1419260 1419760 1420260 1420760 1421260 1421760 1422260 1422760
 1423260 1423760 1424260 1424760 1425260 1425760 1426260 1426760 1427260
 1427760 1428260 1428760 1429260 1429760 1430260 1430760 1431260 1431760
 1432260 1432760 1433260 1433760 1434260 1434760 1435260 1435760 1436260
 1436760 1437260 1437760 1438260 1438760 1439260 1439760]",30000,60
44,U540_ses0,8,3,ReturnToBase1,"[16189, 16190]","[1439777, 1439777]",0,[],0,0
45,U540_ses0,8,4,Delay2,"[16202, 16217]","[1441794, 1451810]",10016,"[1441794 1442294 1442794 1443294 1443794 1444294 1444794 1445294 1445794
 1446294 1446794 1447294 1447794 1448294 1448794 1449294 1449794 1450294
 1450794 1451294 1451794]",10000,20
46,U540_ses0,8,5,Retrieval,"[16217, 17038]","[1451810, 1481826]",30016,"[1451810 1452310 1452810 1453310 1453810 1454310 1454810 1455310 1455810
 1456310 1456810 1457310 1457810 1458310 1458810 1459310 1459810 1460310
 1460810 1461310 1461810 1462310 1462810 1463310 1463810 1464310 1464810
 1465310 1465810 1466310 1466810 1467310 1467810 1468310 1468810 1469310
 1469810 1470310 1470810 1471310 1471810 1472310 1472810 1473310 1473810
 1474310 1474810 1475310 1475810 1476310 1476810 1477310 1477810 1478310
 1478810 1479310 1479810 1480310 1480810 1481310 1481810]",30000,60
47,U540_ses0,8,6,ReturnToBase2,"[17038, 17039]","[1481826, 1481826]",0,[],0,0
48,U540_ses0,9,1,Delay1,"[17052, 17069]","[1483827, 1493841]",10014,"[1483827 1484327 1484827 1485327 1485827 1486327 1486827 1487327 1487827
 1488327 1488827 1489327 1489827 1490327 1490827 1491327 1491827 1492327
 1492827 1493327 1493827]",10000,20
49,U540_ses0,9,2,Encoding,"[17069, 18095]","[1493841, 1523858]",30017,"[1493841 1494341 1494841 1495341 1495841 1496341 1496841 1497341 1497841
 1498341 1498841 1499341 1499841 1500341 1500841 1501341 1501841 1502341
 1502841 1503341 1503841 1504341 1504841 1505341 1505841 1506341 1506841
 1507341 1507841 1508341 1508841 1509341 1509841 1510341 1510841 1511341
 1511841 1512341 1512841 1513341 1513841 1514341 1514841 1515341 1515841
 1516341 1516841 1517341 1517841 1518341 1518841 1519341 1519841 1520341
 1520841 1521341 1521841 1522341 1522841 1523341 1523841]",30000,60
50,U540_ses0,9,3,ReturnToBase1,"[18095, 18433]","[1523858, 1533759]",9901,"[1523858 1524358 1524858 1525358 1525858 1526358 1526858 1527358 1527858
 1528358 1528858 1529358 1529858 1530358 1530858 1531358 1531858 1532358
 1532858 1533358]",9500,19
51,U540_ses0,9,4,Delay2,"[18444, 18461]","[1535759, 1545775]",10016,"[1535759 1536259 1536759 1537259 1537759 1538259 1538759 1539259 1539759
 1540259 1540759 1541259 1541759 1542259 1542759 1543259 1543759 1544259
 1544759 1545259 1545759]",10000,20
52,U540_ses0,9,5,Retrieval,"[18461, 19417]","[1545775, 1575791]",30016,"[1545775 1546275 1546775 1547275 1547775 1548275 1548775 1549275 1549775
 1550275 1550775 1551275 1551775 1552275 1552775 1553275 1553775 1554275
 1554775 1555275 1555775 1556275 1556775 1557275 1557775 1558275 1558775
 1559275 1559775 1560275 1560775 1561275 1561775 1562275 1562775 1563275
 1563775 1564275 1564775 1565275 1565775 1566275 1566775 1567275 1567775
 1568275 1568775 1569275 1569775 1570275 1570775 1571275 1571775 1572275
 1572775 1573275 1573775 1574275 1574775 1575275 1575775]",30000,60
53,U540_ses0,9,6,ReturnToBase2,"[19417, 19418]","[1575791, 1575791]",0,[],0,0
54,U540_ses0,10,1,Delay1,"[19433, 19448]","[1577807, 1587824]",10017,"[1577807 1578307 1578807 1579307 1579807 1580307 1580807 1581307 1581807
 1582307 1582807 1583307 1583807 1584307 1584807 1585307 1585807 1586307
 1586807 1587307 1587807]",10000,20
55,U540_ses0,10,2,Encoding,"[19448, 20468]","[1587824, 1617840]",30016,"[1587824 1588324 1588824 1589324 1589824 1590324 1590824 1591324 1591824
 1592324 1592824 1593324 1593824 1594324 1594824 1595324 1595824 1596324
 1596824 1597324 1597824 1598324 1598824 1599324 1599824 1600324 1600824
 1601324 1601824 1602324 1602824 1603324 1603824 1604324 1604824 1605324
 1605824 1606324 1606824 1607324 1607824 1608324 1608824 1609324 1609824
 1610324 1610824 1611324 1611824 1612324 1612824 1613324 1613824 1614324
 1614824 1615324 1615824 1616324 1616824 1617324 1617824]",30000,60
56,U540_ses0,10,3,ReturnToBase1,"[20468, 20803]","[1617840, 1627624]",9784,"[1617840 1618340 1618840 1619340 1619840 1620340 1620840 1621340 1621840
 1622340 1622840 1623340 1623840 1624340 1624840 1625340 1625840 1626340
 1626840 1627340]",9500,19
57,U540_ses0,10,4,Delay2,"[20816, 20832]","[1629641, 1639656]",10015,"[1629641 1630141 1630641 1631141 1631641 1632141 1632641 1633141 1633641
 1634141 1634641 1635141 1635641 1636141 1636641 1637141 1637641 1638141
 1638641 1639141 1639641]",10000,20
58,U540_ses0,10,5,Retrieval,"[20832, 21857]","[1639656, 1669672]",30016,"[1639656 1640156 1640656 1641156 1641656 1642156 1642656 1643156 1643656
 1644156 1644656 1645156 1645656 1646156 1646656 1647156 1647656 1648156
 1648656 1649156 1649656 1650156 1650656 1651156 1651656 1652156 1652656
 1653156 1653656 1654156 1654656 1655156 1655656 1656156 1656656 1657156
 1657656 1658156 1658656 1659156 1659656 1660156 1660656 1661156 1661656
 1662156 1662656 1663156 1663656 1664156 1664656 1665156 1665656 1666156
 1666656 1667156 1667656 1668156 1668656 1669156 1669656]",30000,60
59,U540_ses0,10,6,ReturnToBase2,"[21857, 21858]","[1669672, 1669672]",0,[],0,0
60,U540_ses0,11,1,Delay1,"[21872, 21889]","[1671673, 1681689]",10016,"[1671673 1672173 1672673 1673173 1673673 1674173 1674673 1675173 1675673
 1676173 1676673 1677173 1677673 1678173 1678673 1679173 1679673 1680173
 1680673 1681173 1681673]",10000,20
61,U540_ses0,11,2,Encoding,"[21889, 22785]","[1681689, 1711706]",30017,"[1681689 1682189 1682689 1683189 1683689 1684189 1684689 1685189 1685689
 1686189 1686689 1687189 1687689 1688189 1688689 1689189 1689689 1690189
 1690689 1691189 1691689 1692189 1692689 1693189 1693689 1694189 1694689
 1695189 1695689 1696189 1696689 1697189 1697689 1698189 1698689 1699189
 1699689 1700189 1700689 1701189 1701689 1702189 1702689 1703189 1703689
 1704189 1704689 1705189 1705689 1706189 1706689 1707189 1707689 1708189
 1708689 1709189 1709689 1710189 1710689 1711189 1711689]",30000,60
62,U540_ses0,11,3,ReturnToBase1,"[22785, 23925]","[1711706, 1750071]",38365,"[1711706 1712206 1712706 1713206 1713706 1714206 1714706 1715206 1715706
 1716206 1716706 1717206 1717706 1718206 1718706 1719206 1719706 1720206
 1720706 1721206 1721706 1722206 1722706 1723206 1723706 1724206 1724706
 1725206 1725706 1726206 1726706 1727206 1727706 1728206 1728706 1729206
 1729706 1730206 1730706 1731206 1731706 1732206 1732706 1733206 1733706
 1734206 1734706 1735206 1735706 1736206 1736706 1737206 1737706 1738206
 1738706 1739206 1739706 1740206 1740706 1741206 1741706 1742206 1742706
 1743206 1743706 1744206 1744706 1745206 1745706 1746206 1746706 1747206
 1747706 1748206 1748706 1749206 1749706]",38000,76
63,U540_ses0,11,4,Delay2,"[23938, 23953]","[1752087, 1762088]",10001,"[1752087 1752587 1753087 1753587 1754087 1754587 1755087 1755587 1756087
 1756587 1757087 1757587 1758087 1758587 1759087 1759587 1760087 1760587
 1761087 1761587 1762087]",10000,20
64,U540_ses0,11,5,Retrieval,"[23953, 24857]","[1762088, 1792104]",30016,"[1762088 1762588 1763088 1763588 1764088 1764588 1765088 1765588 1766088
 1766588 1767088 1767588 1768088 1768588 1769088 1769588 1770088 1770588
 1771088 1771588 1772088 1772588 1773088 1773588 1774088 1774588 1775088
 1775588 1776088 1776588 1777088 1777588 1778088 1778588 1779088 1779588
 1780088 1780588 1781088 1781588 1782088 1782588 1783088 1783588 1784088
 1784588 1785088 1785588 1786088 1786588 1787088 1787588 1788088 1788588
 1789088 1789588 1790088 1790588 1791088 1791588 1792088]",30000,60
65,U540_ses0,11,6,ReturnToBase2,"[24857, 24986]","[1792104, 1796287]",4183,[1792104 1792604 1793104 1793604 1794104 1794604 1795104 1795604 1796104],4000,8
66,U540_ses0,12,1,Delay1,"[25001, 25018]","[1798288, 1808304]",10016,"[1798288 1798788 1799288 1799788 1800288 1800788 1801288 1801788 1802288
 1802788 1803288 1803788 1804288 1804788 1805288 1805788 1806288 1806788
 1807288 1807788 1808288]",10000,20
67,U540_ses0,12,2,Encoding,"[25018, 25913]","[1808304, 1838320]",30016,"[1808304 1808804 1809304 1809804 1810304 1810804 1811304 1811804 1812304
 1812804 1813304 1813804 1814304 1814804 1815304 1815804 1816304 1816804
 1817304 1817804 1818304 1818804 1819304 1819804 1820304 1820804 1821304
 1821804 1822304 1822804 1823304 1823804 1824304 1824804 1825304 1825804
 1826304 1826804 1827304 1827804 1828304 1828804 1829304 1829804 1830304
 1830804 1831304 1831804 1832304 1832804 1833304 1833804 1834304 1834804
 1835304 1835804 1836304 1836804 1837304 1837804 1838304]",30000,60
68,U540_ses0,12,3,ReturnToBase1,"[25913, 25914]","[1838320, 1838320]",0,[],0,0
69,U540_ses0,12,4,Delay2,"[25926, 25941]","[1840337, 1850353]",10016,"[1840337 1840837 1841337 1841837 1842337 1842837 1843337 1843837 1844337
 1844837 1845337 1845837 1846337 1846837 1847337 1847837 1848337 1848837
 1849337 1849837 1850337]",10000,20
70,U540_ses0,12,5,Retrieval,"[25941, 26744]","[1850353, 1880369]",30016,"[1850353 1850853 1851353 1851853 1852353 1852853 1853353 1853853 1854353
 1854853 1855353 1855853 1856353 1856853 1857353 1857853 1858353 1858853
 1859353 1859853 1860353 1860853 1861353 1861853 1862353 1862853 1863353
 1863853 1864353 1864853 1865353 1865853 1866353 1866853 1867353 1867853
 1868353 1868853 1869353 1869853 1870353 1870853 1871353 1871853 1872353
 1872853 1873353 1873853 1874353 1874853 1875353 1875853 1876353 1876853
 1877353 1877853 1878353 1878853 1879353 1879853 1880353]",30000,60
71,U540_ses0,12,6,ReturnToBase2,"[26744, 26745]","[1880369, 1880369]",0,[],0,0
72,U540_ses0,13,1,Delay1,"[26762, 26777]","[1917851, 1927852]",10001,"[1917851 1918351 1918851 1919351 1919851 1920351 1920851 1921351 1921851
 1922351 1922851 1923351 1923851 1924351 1924851 1925351 1925851 1926351
 1926851 1927351 1927851]",10000,20
73,U540_ses0,13,2,Encoding,"[26777, 27679]","[1927852, 1957868]",30016,"[1927852 1928352 1928852 1929352 1929852 1930352 1930852 1931352 1931852
 1932352 1932852 1933352 1933852 1934352 1934852 1935352 1935852 1936352
 1936852 1937352 1937852 1938352 1938852 1939352 1939852 1940352 1940852
 1941352 1941852 1942352 1942852 1943352 1943852 1944352 1944852 1945352
 1945852 1946352 1946852 1947352 1947852 1948352 1948852 1949352 1949852
 1950352 1950852 1951352 1951852 1952352 1952852 1953352 1953852 1954352
 1954852 1955352 1955852 1956352 1956852 1957352 1957852]",30000,60
74,U540_ses0,13,3,ReturnToBase1,"[27679, 27849]","[1957868, 1963468]",5600,"[1957868 1958368 1958868 1959368 1959868 1960368 1960868 1961368 1961868
 1962368 1962868 1963368]",5500,11
75,U540_ses0,13,4,Delay2,"[27862, 27877]","[1965484, 1975485]",10001,"[1965484 1965984 1966484 1966984 1967484 1967984 1968484 1968984 1969484
 1969984 1970484 1970984 1971484 1971984 1972484 1972984 1973484 1973984
 1974484 1974984 1975484]",10000,20
76,U540_ses0,13,5,Retrieval,"[27877, 28771]","[1975485, 2005501]",30016,"[1975485 1975985 1976485 1976985 1977485 1977985 1978485 1978985 1979485
 1979985 1980485 1980985 1981485 1981985 1982485 1982985 1983485 1983985
 1984485 1984985 1985485 1985985 1986485 1986985 1987485 1987985 1988485
 1988985 1989485 1989985 1990485 1990985 1991485 1991985 1992485 1992985
 1993485 1993985 1994485 1994985 1995485 1995985 1996485 1996985 1997485
 1997985 1998485 1998985 1999485 1999985 2000485 2000985 2001485 2001985
 2002485 2002985 2003485 2003985 2004485 2004985 2005485]",30000,60
77,U540_ses0,13,6,ReturnToBase2,"[28771, 28925]","[2005501, 2010633]",5132,"[2005501 2006001 2006501 2007001 2007501 2008001 2008501 2009001 2009501
 2010001 2010501]",5000,10
78,U540_ses0,14,1,Delay1,"[28940, 28956]","[2012633, 2022634]",10001,"[2012633 2013133 2013633 2014133 2014633 2015133 2015633 2016133 2016633
 2017133 2017633 2018133 2018633 2019133 2019633 2020133 2020633 2021133
 2021633 2022133 2022633]",10000,20
79,U540_ses0,14,2,Encoding,"[28956, 29854]","[2022634, 2052650]",30016,"[2022634 2023134 2023634 2024134 2024634 2025134 2025634 2026134 2026634
 2027134 2027634 2028134 2028634 2029134 2029634 2030134 2030634 2031134
 2031634 2032134 2032634 2033134 2033634 2034134 2034634 2035134 2035634
 2036134 2036634 2037134 2037634 2038134 2038634 2039134 2039634 2040134
 2040634 2041134 2041634 2042134 2042634 2043134 2043634 2044134 2044634
 2045134 2045634 2046134 2046634 2047134 2047634 2048134 2048634 2049134
 2049634 2050134 2050634 2051134 2051634 2052134 2052634]",30000,60
80,U540_ses0,14,3,ReturnToBase1,"[29854, 29855]","[2052650, 2052650]",0,[],0,0
81,U540_ses0,14,4,Delay2,"[29867, 29882]","[2054666, 2064684]",10018,"[2054666 2055166 2055666 2056166 2056666 2057166 2057666 2058166 2058666
 2059166 2059666 2060166 2060666 2061166 2061666 2062166 2062666 2063166
 2063666 2064166 2064666]",10000,20
82,U540_ses0,14,5,Retrieval,"[29882, 30698]","[2064684, 2094699]",30015,"[2064684 2065184 2065684 2066184 2066684 2067184 2067684 2068184 2068684
 2069184 2069684 2070184 2070684 2071184 2071684 2072184 2072684 2073184
 2073684 2074184 2074684 2075184 2075684 2076184 2076684 2077184 2077684
 2078184 2078684 2079184 2079684 2080184 2080684 2081184 2081684 2082184
 2082684 2083184 2083684 2084184 2084684 2085184 2085684 2086184 2086684
 2087184 2087684 2088184 2088684 2089184 2089684 2090184 2090684 2091184
 2091684 2092184 2092684 2093184 2093684 2094184 2094684]",30000,60
83,U540_ses0,14,6,ReturnToBase2,"[30698, 30699]","[2094699, 2094699]",0,[],0,0
84,U540_ses0,15,1,Delay1,"[30716, 30730]","[2096716, 2106731]",10015,"[2096716 2097216 2097716 2098216 2098716 2099216 2099716 2100216 2100716
 2101216 2101716 2102216 2102716 2103216 2103716 2104216 2104716 2105216
 2105716 2106216 2106716]",10000,20
85,U540_ses0,15,2,Encoding,"[30730, 31635]","[2106731, 2136749]",30018,"[2106731 2107231 2107731 2108231 2108731 2109231 2109731 2110231 2110731
 2111231 2111731 2112231 2112731 2113231 2113731 2114231 2114731 2115231
 2115731 2116231 2116731 2117231 2117731 2118231 2118731 2119231 2119731
 2120231 2120731 2121231 2121731 2122231 2122731 2123231 2123731 2124231
 2124731 2125231 2125731 2126231 2126731 2127231 2127731 2128231 2128731
 2129231 2129731 2130231 2130731 2131231 2131731 2132231 2132731 2133231
 2133731 2134231 2134731 2135231 2135731 2136231 2136731]",30000,60
86,U540_ses0,15,3,ReturnToBase1,"[31635, 31950]","[2136749, 2147065]",10316,"[2136749 2137249 2137749 2138249 2138749 2139249 2139749 2140249 2140749
 2141249 2141749 2142249 2142749 2143249 2143749 2144249 2144749 2145249
 2145749 2146249 2146749]",10000,20
87,U540_ses0,15,4,Delay2,"[31962, 31980]","[2149065, 2159080]",10015,"[2149065 2149565 2150065 2150565 2151065 2151565 2152065 2152565 2153065
 2153565 2154065 2154565 2155065 2155565 2156065 2156565 2157065 2157565
 2158065 2158565 2159065]",10000,20
88,U540_ses0,15,5,Retrieval,"[31980, 32861]","[2159080, 2189098]",30018,"[2159080 2159580 2160080 2160580 2161080 2161580 2162080 2162580 2163080
 2163580 2164080 2164580 2165080 2165580 2166080 2166580 2167080 2167580
 2168080 2168580 2169080 2169580 2170080 2170580 2171080 2171580 2172080
 2172580 2173080 2173580 2174080 2174580 2175080 2175580 2176080 2176580
 2177080 2177580 2178080 2178580 2179080 2179580 2180080 2180580 2181080
 2181580 2182080 2182580 2183080 2183580 2184080 2184580 2185080 2185580
 2186080 2186580 2187080 2187580 2188080 2188580 2189080]",30000,60
89,U540_ses0,15,6,ReturnToBase2,"[32861, 32862]","[2189098, 2189098]",0,[],0,0
90,U540_ses0,16,1,Delay1,"[32878, 32893]","[2191115, 2201131]",10016,"[2191115 2191615 2192115 2192615 2193115 2193615 2194115 2194615 2195115
 2195615 2196115 2196615 2197115 2197615 2198115 2198615 2199115 2199615
 2200115 2200615 2201115]",10000,20
91,U540_ses0,16,2,Encoding,"[32893, 33795]","[2201131, 2231147]",30016,"[2201131 2201631 2202131 2202631 2203131 2203631 2204131 2204631 2205131
 2205631 2206131 2206631 2207131 2207631 2208131 2208631 2209131 2209631
 2210131 2210631 2211131 2211631 2212131 2212631 2213131 2213631 2214131
 2214631 2215131 2215631 2216131 2216631 2217131 2217631 2218131 2218631
 2219131 2219631 2220131 2220631 2221131 2221631 2222131 2222631 2223131
 2223631 2224131 2224631 2225131 2225631 2226131 2226631 2227131 2227631
 2228131 2228631 2229131 2229631 2230131 2230631 2231131]",30000,60
92,U540_ses0,16,3,ReturnToBase1,"[33795, 34090]","[2231147, 2240897]",9750,"[2231147 2231647 2232147 2232647 2233147 2233647 2234147 2234647 2235147
 2235647 2236147 2236647 2237147 2237647 2238147 2238647 2239147 2239647
 2240147 2240647]",9500,19
93,U540_ses0,16,4,Delay2,"[34104, 34118]","[2242914, 2252930]",10016,"[2242914 2243414 2243914 2244414 2244914 2245414 2245914 2246414 2246914
 2247414 2247914 2248414 2248914 2249414 2249914 2250414 2250914 2251414
 2251914 2252414 2252914]",10000,20
94,U540_ses0,16,5,Retrieval,"[34118, 34956]","[2252930, 2282946]",30016,"[2252930 2253430 2253930 2254430 2254930 2255430 2255930 2256430 2256930
 2257430 2257930 2258430 2258930 2259430 2259930 2260430 2260930 2261430
 2261930 2262430 2262930 2263430 2263930 2264430 2264930 2265430 2265930
 2266430 2266930 2267430 2267930 2268430 2268930 2269430 2269930 2270430
 2270930 2271430 2271930 2272430 2272930 2273430 2273930 2274430 2274930
 2275430 2275930 2276430 2276930 2277430 2277930 2278430 2278930 2279430
 2279930 2280430 2280930 2281430 2281930 2282430 2282930]",30000,60
95,U540_ses0,16,6,ReturnToBase2,"[34956, 34957]","[2282946, 2282946]",0,[],0,0
96,U540_ses0,17,1,Delay1,"[34973, 34988]","[2284961, 2294962]",10001,"[2284961 2285461 2285961 2286461 2286961 2287461 2287961 2288461 2288961
 2289461 2289961 2290461 2290961 2291461 2291961 2292461 2292961 2293461
 2293961 2294461 2294961]",10000,20
97,U540_ses0,17,2,Encoding,"[34988, 35898]","[2294962, 2324979]",30017,"[2294962 2295462 2295962 2296462 2296962 2297462 2297962 2298462 2298962
 2299462 2299962 2300462 2300962 2301462 2301962 2302462 2302962 2303462
 2303962 2304462 2304962 2305462 2305962 2306462 2306962 2307462 2307962
 2308462 2308962 2309462 2309962 2310462 2310962 2311462 2311962 2312462
 2312962 2313462 2313962 2314462 2314962 2315462 2315962 2316462 2316962
 2317462 2317962 2318462 2318962 2319462 2319962 2320462 2320962 2321462
 2321962 2322462 2322962 2323462 2323962 2324462 2324962]",30000,60
98,U540_ses0,17,3,ReturnToBase1,"[35898, 35984]","[2324979, 2327728]",2749,[2324979 2325479 2325979 2326479 2326979 2327479],2500,5
99,U540_ses0,17,4,Delay2,"[35994, 36011]","[2329729, 2339745]",10016,"[2329729 2330229 2330729 2331229 2331729 2332229 2332729 2333229 2333729
 2334229 2334729 2335229 2335729 2336229 2336729 2337229 2337729 2338229
 2338729 2339229 2339729]",10000,20
100,U540_ses0,17,5,Retrieval,"[36011, 36890]","[2339745, 2369761]",30016,"[2339745 2340245 2340745 2341245 2341745 2342245 2342745 2343245 2343745
 2344245 2344745 2345245 2345745 2346245 2346745 2347245 2347745 2348245
 2348745 2349245 2349745 2350245 2350745 2351245 2351745 2352245 2352745
 2353245 2353745 2354245 2354745 2355245 2355745 2356245 2356745 2357245
 2357745 2358245 2358745 2359245 2359745 2360245 2360745 2361245 2361745
 2362245 2362745 2363245 2363745 2364245 2364745 2365245 2365745 2366245
 2366745 2367245 2367745 2368245 2368745 2369245 2369745]",30000,60
101,U540_ses0,17,6,ReturnToBase2,"[36890, 36891]","[2369761, 2369761]",0,[],0,0
102,U540_ses0,18,1,Delay1,"[36907, 36921]","[2371778, 2381778]",10000,"[2371778 2372278 2372778 2373278 2373778 2374278 2374778 2375278 2375778
 2376278 2376778 2377278 2377778 2378278 2378778 2379278 2379778 2380278
 2380778 2381278 2381778]",10000,20
103,U540_ses0,18,2,Encoding,"[36921, 37824]","[2381778, 2411793]",30015,"[2381778 2382278 2382778 2383278 2383778 2384278 2384778 2385278 2385778
 2386278 2386778 2387278 2387778 2388278 2388778 2389278 2389778 2390278
 2390778 2391278 2391778 2392278 2392778 2393278 2393778 2394278 2394778
 2395278 2395778 2396278 2396778 2397278 2397778 2398278 2398778 2399278
 2399778 2400278 2400778 2401278 2401778 2402278 2402778 2403278 2403778
 2404278 2404778 2405278 2405778 2406278 2406778 2407278 2407778 2408278
 2408778 2409278 2409778 2410278 2410778 2411278 2411778]",30000,60
104,U540_ses0,18,3,ReturnToBase1,"[37824, 38449]","[2411793, 2432843]",21050,"[2411793 2412293 2412793 2413293 2413793 2414293 2414793 2415293 2415793
 2416293 2416793 2417293 2417793 2418293 2418793 2419293 2419793 2420293
 2420793 2421293 2421793 2422293 2422793 2423293 2423793 2424293 2424793
 2425293 2425793 2426293 2426793 2427293 2427793 2428293 2428793 2429293
 2429793 2430293 2430793 2431293 2431793 2432293 2432793]",21000,42
105,U540_ses0,18,4,Delay2,"[38460, 38477]","[2434843, 2444859]",10016,"[2434843 2435343 2435843 2436343 2436843 2437343 2437843 2438343 2438843
 2439343 2439843 2440343 2440843 2441343 2441843 2442343 2442843 2443343
 2443843 2444343 2444843]",10000,20
106,U540_ses0,18,5,Retrieval,"[38477, 39354]","[2444859, 2474877]",30018,"[2444859 2445359 2445859 2446359 2446859 2447359 2447859 2448359 2448859
 2449359 2449859 2450359 2450859 2451359 2451859 2452359 2452859 2453359
 2453859 2454359 2454859 2455359 2455859 2456359 2456859 2457359 2457859
 2458359 2458859 2459359 2459859 2460359 2460859 2461359 2461859 2462359
 2462859 2463359 2463859 2464359 2464859 2465359 2465859 2466359 2466859
 2467359 2467859 2468359 2468859 2469359 2469859 2470359 2470859 2471359
 2471859 2472359 2472859 2473359 2473859 2474359 2474859]",30000,60
107,U540_ses0,18,6,ReturnToBase2,"[39354, 39355]","[2474877, 2474877]",0,[],0,0
108,U540_ses0,19,1,Delay1,"[39372, 39388]","[2476893, 2486909]",10016,"[2476893 2477393 2477893 2478393 2478893 2479393 2479893 2480393 2480893
 2481393 2481893 2482393 2482893 2483393 2483893 2484393 2484893 2485393
 2485893 2486393 2486893]",10000,20
109,U540_ses0,19,2,Encoding,"[39388, 40289]","[2486909, 2516926]",30017,"[2486909 2487409 2487909 2488409 2488909 2489409 2489909 2490409 2490909
 2491409 2491909 2492409 2492909 2493409 2493909 2494409 2494909 2495409
 2495909 2496409 2496909 2497409 2497909 2498409 2498909 2499409 2499909
 2500409 2500909 2501409 2501909 2502409 2502909 2503409 2503909 2504409
 2504909 2505409 2505909 2506409 2506909 2507409 2507909 2508409 2508909
 2509409 2509909 2510409 2510909 2511409 2511909 2512409 2512909 2513409
 2513909 2514409 2514909 2515409 2515909 2516409 2516909]",30000,60
110,U540_ses0,19,3,ReturnToBase1,"[40289, 40550]","[2516926, 2525675]",8749,"[2516926 2517426 2517926 2518426 2518926 2519426 2519926 2520426 2520926
 2521426 2521926 2522426 2522926 2523426 2523926 2524426 2524926 2525426]",8500,17
111,U540_ses0,19,4,Delay2,"[40563, 40578]","[2527691, 2537692]",10001,"[2527691 2528191 2528691 2529191 2529691 2530191 2530691 2531191 2531691
 2532191 2532691 2533191 2533691 2534191 2534691 2535191 2535691 2536191
 2536691 2537191 2537691]",10000,20
112,U540_ses0,19,5,Retrieval,"[40578, 41423]","[2537692, 2567708]",30016,"[2537692 2538192 2538692 2539192 2539692 2540192 2540692 2541192 2541692
 2542192 2542692 2543192 2543692 2544192 2544692 2545192 2545692 2546192
 2546692 2547192 2547692 2548192 2548692 2549192 2549692 2550192 2550692
 2551192 2551692 2552192 2552692 2553192 2553692 2554192 2554692 2555192
 2555692 2556192 2556692 2557192 2557692 2558192 2558692 2559192 2559692
 2560192 2560692 2561192 2561692 2562192 2562692 2563192 2563692 2564192
 2564692 2565192 2565692 2566192 2566692 2567192 2567692]",30000,60
113,U540_ses0,19,6,ReturnToBase2,"[41423, 41424]","[2567708, 2567708]",0,[],0,0
114,U540_ses0,20,1,Delay1,"[41440, 41455]","[2569725, 2579741]",10016,"[2569725 2570225 2570725 2571225 2571725 2572225 2572725 2573225 2573725
 2574225 2574725 2575225 2575725 2576225 2576725 2577225 2577725 2578225
 2578725 2579225 2579725]",10000,20
115,U540_ses0,20,2,Encoding,"[41455, 42354]","[2579741, 2609757]",30016,"[2579741 2580241 2580741 2581241 2581741 2582241 2582741 2583241 2583741
 2584241 2584741 2585241 2585741 2586241 2586741 2587241 2587741 2588241
 2588741 2589241 2589741 2590241 2590741 2591241 2591741 2592241 2592741
 2593241 2593741 2594241 2594741 2595241 2595741 2596241 2596741 2597241
 2597741 2598241 2598741 2599241 2599741 2600241 2600741 2601241 2601741
 2602241 2602741 2603241 2603741 2604241 2604741 2605241 2605741 2606241
 2606741 2607241 2607741 2608241 2608741 2609241 2609741]",30000,60
116,U540_ses0,20,3,ReturnToBase1,"[42354, 42462]","[2609757, 2613290]",3533,[2609757 2610257 2610757 2611257 2611757 2612257 2612757 2613257],3500,7
117,U540_ses0,20,4,Delay2,"[42475, 42490]","[2615290, 2625307]",10017,"[2615290 2615790 2616290 2616790 2617290 2617790 2618290 2618790 2619290
 2619790 2620290 2620790 2621290 2621790 2622290 2622790 2623290 2623790
 2624290 2624790 2625290]",10000,20
118,U540_ses0,20,5,Retrieval,"[42490, 43378]","[2625307, 2655323]",30016,"[2625307 2625807 2626307 2626807 2627307 2627807 2628307 2628807 2629307
 2629807 2630307 2630807 2631307 2631807 2632307 2632807 2633307 2633807
 2634307 2634807 2635307 2635807 2636307 2636807 2637307 2637807 2638307
 2638807 2639307 2639807 2640307 2640807 2641307 2641807 2642307 2642807
 2643307 2643807 2644307 2644807 2645307 2645807 2646307 2646807 2647307
 2647807 2648307 2648807 2649307 2649807 2650307 2650807 2651307 2651807
 2652307 2652807 2653307 2653807 2654307 2654807 2655307]",30000,60
119,U540_ses0,20,6,ReturnToBase2,"[43378, 43379]","[2655323, 2655323]",0,[],0,0
120,U540_ses0,21,1,Delay1,"[43393, 43411]","[2657324, 2667340]",10016,"[2657324 2657824 2658324 2658824 2659324 2659824 2660324 2660824 2661324
 2661824 2662324 2662824 2663324 2663824 2664324 2664824 2665324 2665824
 2666324 2666824 2667324]",10000,20
121,U540_ses0,21,2,Encoding,"[43411, 44311]","[2667340, 2697355]",30015,"[2667340 2667840 2668340 2668840 2669340 2669840 2670340 2670840 2671340
 2671840 2672340 2672840 2673340 2673840 2674340 2674840 2675340 2675840
 2676340 2676840 2677340 2677840 2678340 2678840 2679340 2679840 2680340
 2680840 2681340 2681840 2682340 2682840 2683340 2683840 2684340 2684840
 2685340 2685840 2686340 2686840 2687340 2687840 2688340 2688840 2689340
 2689840 2690340 2690840 2691340 2691840 2692340 2692840 2693340 2693840
 2694340 2694840 2695340 2695840 2696340 2696840 2697340]",30000,60
122,U540_ses0,21,3,ReturnToBase1,"[44311, 44312]","[2697355, 2697355]",0,[],0,0
123,U540_ses0,21,4,Delay2,"[44324, 44340]","[2699372, 2709389]",10017,"[2699372 2699872 2700372 2700872 2701372 2701872 2702372 2702872 2703372
 2703872 2704372 2704872 2705372 2705872 2706372 2706872 2707372 2707872
 2708372 2708872 2709372]",10000,20
124,U540_ses0,21,5,Retrieval,"[44340, 45235]","[2709389, 2739405]",30016,"[2709389 2709889 2710389 2710889 2711389 2711889 2712389 2712889 2713389
 2713889 2714389 2714889 2715389 2715889 2716389 2716889 2717389 2717889
 2718389 2718889 2719389 2719889 2720389 2720889 2721389 2721889 2722389
 2722889 2723389 2723889 2724389 2724889 2725389 2725889 2726389 2726889
 2727389 2727889 2728389 2728889 2729389 2729889 2730389 2730889 2731389
 2731889 2732389 2732889 2733389 2733889 2734389 2734889 2735389 2735889
 2736389 2736889 2737389 2737889 2738389 2738889 2739389]",30000,60
125,U540_ses0,21,6,ReturnToBase2,"[45235, 45363]","[2739405, 2743655]",4250,[2739405 2739905 2740405 2740905 2741405 2741905 2742405 2742905 2743405],4000,8
126,U540_ses0,22,1,Delay1,"[45378, 45396]","[2745671, 2755688]",10017,"[2745671 2746171 2746671 2747171 2747671 2748171 2748671 2749171 2749671
 2750171 2750671 2751171 2751671 2752171 2752671 2753171 2753671 2754171
 2754671 2755171 2755671]",10000,20
127,U540_ses0,22,2,Encoding,"[45396, 46288]","[2755688, 2785705]",30017,"[2755688 2756188 2756688 2757188 2757688 2758188 2758688 2759188 2759688
 2760188 2760688 2761188 2761688 2762188 2762688 2763188 2763688 2764188
 2764688 2765188 2765688 2766188 2766688 2767188 2767688 2768188 2768688
 2769188 2769688 2770188 2770688 2771188 2771688 2772188 2772688 2773188
 2773688 2774188 2774688 2775188 2775688 2776188 2776688 2777188 2777688
 2778188 2778688 2779188 2779688 2780188 2780688 2781188 2781688 2782188
 2782688 2783188 2783688 2784188 2784688 2785188 2785688]",30000,60
128,U540_ses0,22,3,ReturnToBase1,"[46288, 46368]","[2785705, 2788320]",2615,[2785705 2786205 2786705 2787205 2787705 2788205],2500,5
129,U540_ses0,22,4,Delay2,"[46379, 46397]","[2790322, 2800336]",10014,"[2790322 2790822 2791322 2791822 2792322 2792822 2793322 2793822 2794322
 2794822 2795322 2795822 2796322 2796822 2797322 2797822 2798322 2798822
 2799322 2799822 2800322]",10000,20
130,U540_ses0,22,5,Retrieval,"[46397, 47272]","[2800336, 2830354]",30018,"[2800336 2800836 2801336 2801836 2802336 2802836 2803336 2803836 2804336
 2804836 2805336 2805836 2806336 2806836 2807336 2807836 2808336 2808836
 2809336 2809836 2810336 2810836 2811336 2811836 2812336 2812836 2813336
 2813836 2814336 2814836 2815336 2815836 2816336 2816836 2817336 2817836
 2818336 2818836 2819336 2819836 2820336 2820836 2821336 2821836 2822336
 2822836 2823336 2823836 2824336 2824836 2825336 2825836 2826336 2826836
 2827336 2827836 2828336 2828836 2829336 2829836 2830336]",30000,60
131,U540_ses0,22,6,ReturnToBase2,"[47272, 47273]","[2830354, 2830354]",0,[],0,0
132,U540_ses0,23,1,Delay1,"[47289, 47304]","[2832370, 2842387]",10017,"[2832370 2832870 2833370 2833870 2834370 2834870 2835370 2835870 2836370
 2836870 2837370 2837870 2838370 2838870 2839370 2839870 2840370 2840870
 2841370 2841870 2842370]",10000,20
133,U540_ses0,23,2,Encoding,"[47304, 48198]","[2842387, 2872402]",30015,"[2842387 2842887 2843387 2843887 2844387 2844887 2845387 2845887 2846387
 2846887 2847387 2847887 2848387 2848887 2849387 2849887 2850387 2850887
 2851387 2851887 2852387 2852887 2853387 2853887 2854387 2854887 2855387
 2855887 2856387 2856887 2857387 2857887 2858387 2858887 2859387 2859887
 2860387 2860887 2861387 2861887 2862387 2862887 2863387 2863887 2864387
 2864887 2865387 2865887 2866387 2866887 2867387 2867887 2868387 2868887
 2869387 2869887 2870387 2870887 2871387 2871887 2872387]",30000,60
134,U540_ses0,23,3,ReturnToBase1,"[48198, 48199]","[2872402, 2872402]",0,[],0,0
135,U540_ses0,23,4,Delay2,"[48209, 48226]","[2874403, 2884418]",10015,"[2874403 2874903 2875403 2875903 2876403 2876903 2877403 2877903 2878403
 2878903 2879403 2879903 2880403 2880903 2881403 2881903 2882403 2882903
 2883403 2883903 2884403]",10000,20
136,U540_ses0,23,5,Retrieval,"[48226, 49137]","[2884418, 2914436]",30018,"[2884418 2884918 2885418 2885918 2886418 2886918 2887418 2887918 2888418
 2888918 2889418 2889918 2890418 2890918 2891418 2891918 2892418 2892918
 2893418 2893918 2894418 2894918 2895418 2895918 2896418 2896918 2897418
 2897918 2898418 2898918 2899418 2899918 2900418 2900918 2901418 2901918
 2902418 2902918 2903418 2903918 2904418 2904918 2905418 2905918 2906418
 2906918 2907418 2907918 2908418 2908918 2909418 2909918 2910418 2910918
 2911418 2911918 2912418 2912918 2913418 2913918 2914418]",30000,60
137,U540_ses0,23,6,ReturnToBase2,"[49137, 49138]","[2914436, 2914436]",0,[],0,0
138,U540_ses0,24,1,Delay1,"[49154, 49169]","[2916452, 2926469]",10017,"[2916452 2916952 2917452 2917952 2918452 2918952 2919452 2919952 2920452
 2920952 2921452 2921952 2922452 2922952 2923452 2923952 2924452 2924952
 2925452 2925952 2926452]",10000,20
139,U540_ses0,24,2,Encoding,"[49169, 50065]","[2926469, 2956485]",30016,"[2926469 2926969 2927469 2927969 2928469 2928969 2929469 2929969 2930469
 2930969 2931469 2931969 2932469 2932969 2933469 2933969 2934469 2934969
 2935469 2935969 2936469 2936969 2937469 2937969 2938469 2938969 2939469
 2939969 2940469 2940969 2941469 2941969 2942469 2942969 2943469 2943969
 2944469 2944969 2945469 2945969 2946469 2946969 2947469 2947969 2948469
 2948969 2949469 2949969 2950469 2950969 2951469 2951969 2952469 2952969
 2953469 2953969 2954469 2954969 2955469 2955969 2956469]",30000,60
140,U540_ses0,24,3,ReturnToBase1,"[50065, 50066]","[2956485, 2956485]",0,[],0,0
141,U540_ses0,24,4,Delay2,"[50077, 50093]","[2958500, 2968501]",10001,"[2958500 2959000 2959500 2960000 2960500 2961000 2961500 2962000 2962500
 2963000 2963500 2964000 2964500 2965000 2965500 2966000 2966500 2967000
 2967500 2968000 2968500]",10000,20
142,U540_ses0,24,5,Retrieval,"[50093, 50971]","[2968501, 2998516]",30015,"[2968501 2969001 2969501 2970001 2970501 2971001 2971501 2972001 2972501
 2973001 2973501 2974001 2974501 2975001 2975501 2976001 2976501 2977001
 2977501 2978001 2978501 2979001 2979501 2980001 2980501 2981001 2981501
 2982001 2982501 2983001 2983501 2984001 2984501 2985001 2985501 2986001
 2986501 2987001 2987501 2988001 2988501 2989001 2989501 2990001 2990501
 2991001 2991501 2992001 2992501 2993001 2993501 2994001 2994501 2995001
 2995501 2996001 2996501 2997001 2997501 2998001 2998501]",30000,60
143,U540_ses0,24,6,ReturnToBase2,"[50971, 51219]","[2998516, 3008134]",9618,"[2998516 2999016 2999516 3000016 3000516 3001016 3001516 3002016 3002516
 3003016 3003516 3004016 3004516 3005016 3005516 3006016 3006516 3007016
 3007516 3008016]",9500,19
144,U540_ses0,25,1,Delay1,"[51235, 51251]","[3013800, 3023817]",10017,"[3013800 3014300 3014800 3015300 3015800 3016300 3016800 3017300 3017800
 3018300 3018800 3019300 3019800 3020300 3020800 3021300 3021800 3022300
 3022800 3023300 3023800]",10000,20
145,U540_ses0,25,2,Encoding,"[51251, 52149]","[3023817, 3053832]",30015,"[3023817 3024317 3024817 3025317 3025817 3026317 3026817 3027317 3027817
 3028317 3028817 3029317 3029817 3030317 3030817 3031317 3031817 3032317
 3032817 3033317 3033817 3034317 3034817 3035317 3035817 3036317 3036817
 3037317 3037817 3038317 3038817 3039317 3039817 3040317 3040817 3041317
 3041817 3042317 3042817 3043317 3043817 3044317 3044817 3045317 3045817
 3046317 3046817 3047317 3047817 3048317 3048817 3049317 3049817 3050317
 3050817 3051317 3051817 3052317 3052817 3053317 3053817]",30000,60
146,U540_ses0,25,3,ReturnToBase1,"[52149, 52150]","[3053832, 3053832]",0,[],0,0
147,U540_ses0,25,4,Delay2,"[52162, 52177]","[3055849, 3065850]",10001,"[3055849 3056349 3056849 3057349 3057849 3058349 3058849 3059349 3059849
 3060349 3060849 3061349 3061849 3062349 3062849 3063349 3063849 3064349
 3064849 3065349 3065849]",10000,20
148,U540_ses0,25,5,Retrieval,"[52177, 53034]","[3065850, 3095865]",30015,"[3065850 3066350 3066850 3067350 3067850 3068350 3068850 3069350 3069850
 3070350 3070850 3071350 3071850 3072350 3072850 3073350 3073850 3074350
 3074850 3075350 3075850 3076350 3076850 3077350 3077850 3078350 3078850
 3079350 3079850 3080350 3080850 3081350 3081850 3082350 3082850 3083350
 3083850 3084350 3084850 3085350 3085850 3086350 3086850 3087350 3087850
 3088350 3088850 3089350 3089850 3090350 3090850 3091350 3091850 3092350
 3092850 3093350 3093850 3094350 3094850 3095350 3095850]",30000,60
149,U540_ses0,25,6,ReturnToBase2,"[53034, 53035]","[3095865, 3095865]",0,[],0,0
150,U540_ses0,26,1,Delay1,"[53051, 53067]","[3097882, 3107882]",10000,"[3097882 3098382 3098882 3099382 3099882 3100382 3100882 3101382 3101882
 3102382 3102882 3103382 3103882 3104382 3104882 3105382 3105882 3106382
 3106882 3107382 3107882]",10000,20
151,U540_ses0,26,2,Encoding,"[53067, 54085]","[3107882, 3137898]",30016,"[3107882 3108382 3108882 3109382 3109882 3110382 3110882 3111382 3111882
 3112382 3112882 3113382 3113882 3114382 3114882 3115382 3115882 3116382
 3116882 3117382 3117882 3118382 3118882 3119382 3119882 3120382 3120882
 3121382 3121882 3122382 3122882 3123382 3123882 3124382 3124882 3125382
 3125882 3126382 3126882 3127382 3127882 3128382 3128882 3129382 3129882
 3130382 3130882 3131382 3131882 3132382 3132882 3133382 3133882 3134382
 3134882 3135382 3135882 3136382 3136882 3137382 3137882]",30000,60
152,U540_ses0,26,3,ReturnToBase1,"[54085, 55214]","[3137898, 3171281]",33383,"[3137898 3138398 3138898 3139398 3139898 3140398 3140898 3141398 3141898
 3142398 3142898 3143398 3143898 3144398 3144898 3145398 3145898 3146398
 3146898 3147398 3147898 3148398 3148898 3149398 3149898 3150398 3150898
 3151398 3151898 3152398 3152898 3153398 3153898 3154398 3154898 3155398
 3155898 3156398 3156898 3157398 3157898 3158398 3158898 3159398 3159898
 3160398 3160898 3161398 3161898 3162398 3162898 3163398 3163898 3164398
 3164898 3165398 3165898 3166398 3166898 3167398 3167898 3168398 3168898
 3169398 3169898 3170398 3170898]",33000,66
153,U540_ses0,26,4,Delay2,"[55227, 55242]","[3173281, 3183298]",10017,"[3173281 3173781 3174281 3174781 3175281 3175781 3176281 3176781 3177281
 3177781 3178281 3178781 3179281 3179781 3180281 3180781 3181281 3181781
 3182281 3182781 3183281]",10000,20
154,U540_ses0,26,5,Retrieval,"[55242, 56194]","[3183298, 3213313]",30015,"[3183298 3183798 3184298 3184798 3185298 3185798 3186298 3186798 3187298
 3187798 3188298 3188798 3189298 3189798 3190298 3190798 3191298 3191798
 3192298 3192798 3193298 3193798 3194298 3194798 3195298 3195798 3196298
 3196798 3197298 3197798 3198298 3198798 3199298 3199798 3200298 3200798
 3201298 3201798 3202298 3202798 3203298 3203798 3204298 3204798 3205298
 3205798 3206298 3206798 3207298 3207798 3208298 3208798 3209298 3209798
 3210298 3210798 3211298 3211798 3212298 3212798 3213298]",30000,60
155,U540_ses0,26,6,ReturnToBase2,"[56194, 56408]","[3213313, 3221663]",8350,"[3213313 3213813 3214313 3214813 3215313 3215813 3216313 3216813 3217313
 3217813 3218313 3218813 3219313 3219813 3220313 3220813 3221313]",8000,16
156,U540_ses0,27,1,Delay1,"[56424, 56441]","[3223663, 3233679]",10016,"[3223663 3224163 3224663 3225163 3225663 3226163 3226663 3227163 3227663
 3228163 3228663 3229163 3229663 3230163 3230663 3231163 3231663 3232163
 3232663 3233163 3233663]",10000,20
157,U540_ses0,27,2,Encoding,"[56441, 57584]","[3233679, 3263697]",30018,"[3233679 3234179 3234679 3235179 3235679 3236179 3236679 3237179 3237679
 3238179 3238679 3239179 3239679 3240179 3240679 3241179 3241679 3242179
 3242679 3243179 3243679 3244179 3244679 3245179 3245679 3246179 3246679
 3247179 3247679 3248179 3248679 3249179 3249679 3250179 3250679 3251179
 3251679 3252179 3252679 3253179 3253679 3254179 3254679 3255179 3255679
 3256179 3256679 3257179 3257679 3258179 3258679 3259179 3259679 3260179
 3260679 3261179 3261679 3262179 3262679 3263179 3263679]",30000,60
158,U540_ses0,27,3,ReturnToBase1,"[57584, 58487]","[3263697, 3287762]",24065,"[3263697 3264197 3264697 3265197 3265697 3266197 3266697 3267197 3267697
 3268197 3268697 3269197 3269697 3270197 3270697 3271197 3271697 3272197
 3272697 3273197 3273697 3274197 3274697 3275197 3275697 3276197 3276697
 3277197 3277697 3278197 3278697 3279197 3279697 3280197 3280697 3281197
 3281697 3282197 3282697 3283197 3283697 3284197 3284697 3285197 3285697
 3286197 3286697 3287197 3287697]",24000,48
159,U540_ses0,27,4,Delay2,"[58499, 58515]","[3289778, 3299795]",10017,"[3289778 3290278 3290778 3291278 3291778 3292278 3292778 3293278 3293778
 3294278 3294778 3295278 3295778 3296278 3296778 3297278 3297778 3298278
 3298778 3299278 3299778]",10000,20
160,U540_ses0,27,5,Retrieval,"[58515, 59571]","[3299795, 3329812]",30017,"[3299795 3300295 3300795 3301295 3301795 3302295 3302795 3303295 3303795
 3304295 3304795 3305295 3305795 3306295 3306795 3307295 3307795 3308295
 3308795 3309295 3309795 3310295 3310795 3311295 3311795 3312295 3312795
 3313295 3313795 3314295 3314795 3315295 3315795 3316295 3316795 3317295
 3317795 3318295 3318795 3319295 3319795 3320295 3320795 3321295 3321795
 3322295 3322795 3323295 3323795 3324295 3324795 3325295 3325795 3326295
 3326795 3327295 3327795 3328295 3328795 3329295 3329795]",30000,60
161,U540_ses0,27,6,ReturnToBase2,"[59571, 59572]","[3329812, 3329812]",0,[],0,0
162,U540_ses0,28,1,Delay1,"[59586, 59603]","[3331812, 3341828]",10016,"[3331812 3332312 3332812 3333312 3333812 3334312 3334812 3335312 3335812
 3336312 3336812 3337312 3337812 3338312 3338812 3339312 3339812 3340312
 3340812 3341312 3341812]",10000,20
163,U540_ses0,28,2,Encoding,"[59603, 60741]","[3341828, 3371844]",30016,"[3341828 3342328 3342828 3343328 3343828 3344328 3344828 3345328 3345828
 3346328 3346828 3347328 3347828 3348328 3348828 3349328 3349828 3350328
 3350828 3351328 3351828 3352328 3352828 3353328 3353828 3354328 3354828
 3355328 3355828 3356328 3356828 3357328 3357828 3358328 3358828 3359328
 3359828 3360328 3360828 3361328 3361828 3362328 3362828 3363328 3363828
 3364328 3364828 3365328 3365828 3366328 3366828 3367328 3367828 3368328
 3368828 3369328 3369828 3370328 3370828 3371328 3371828]",30000,60
164,U540_ses0,28,3,ReturnToBase1,"[60741, 60769]","[3371844, 3372478]",634,[3371844 3372344],500,1
165,U540_ses0,28,4,Delay2,"[60783, 60798]","[3374494, 3384511]",10017,"[3374494 3374994 3375494 3375994 3376494 3376994 3377494 3377994 3378494
 3378994 3379494 3379994 3380494 3380994 3381494 3381994 3382494 3382994
 3383494 3383994 3384494]",10000,20
166,U540_ses0,28,5,Retrieval,"[60798, 61922]","[3384511, 3414527]",30016,"[3384511 3385011 3385511 3386011 3386511 3387011 3387511 3388011 3388511
 3389011 3389511 3390011 3390511 3391011 3391511 3392011 3392511 3393011
 3393511 3394011 3394511 3395011 3395511 3396011 3396511 3397011 3397511
 3398011 3398511 3399011 3399511 3400011 3400511 3401011 3401511 3402011
 3402511 3403011 3403511 3404011 3404511 3405011 3405511 3406011 3406511
 3407011 3407511 3408011 3408511 3409011 3409511 3410011 3410511 3411011
 3411511 3412011 3412511 3413011 3413511 3414011 3414511]",30000,60
167,U540_ses0,28,6,ReturnToBase2,"[61922, 61923]","[3414527, 3414527]",0,[],0,0
168,U540_ses0,29,1,Delay1,"[61939, 61954]","[3416544, 3426560]",10016,"[3416544 3417044 3417544 3418044 3418544 3419044 3419544 3420044 3420544
 3421044 3421544 3422044 3422544 3423044 3423544 3424044 3424544 3425044
 3425544 3426044 3426544]",10000,20
169,U540_ses0,29,2,Encoding,"[61954, 62970]","[3426560, 3456575]",30015,"[3426560 3427060 3427560 3428060 3428560 3429060 3429560 3430060 3430560
 3431060 3431560 3432060 3432560 3433060 3433560 3434060 3434560 3435060
 3435560 3436060 3436560 3437060 3437560 3438060 3438560 3439060 3439560
 3440060 3440560 3441060 3441560 3442060 3442560 3443060 3443560 3444060
 3444560 3445060 3445560 3446060 3446560 3447060 3447560 3448060 3448560
 3449060 3449560 3450060 3450560 3451060 3451560 3452060 3452560 3453060
 3453560 3454060 3454560 3455060 3455560 3456060 3456560]",30000,60
170,U540_ses0,29,3,ReturnToBase1,"[62970, 63032]","[3456575, 3458325]",1750,[3456575 3457075 3457575 3458075],1500,3
171,U540_ses0,29,4,Delay2,"[63045, 63060]","[3460343, 3470359]",10016,"[3460343 3460843 3461343 3461843 3462343 3462843 3463343 3463843 3464343
 3464843 3465343 3465843 3466343 3466843 3467343 3467843 3468343 3468843
 3469343 3469843 3470343]",10000,20
172,U540_ses0,29,5,Retrieval,"[63060, 64078]","[3470359, 3500375]",30016,"[3470359 3470859 3471359 3471859 3472359 3472859 3473359 3473859 3474359
 3474859 3475359 3475859 3476359 3476859 3477359 3477859 3478359 3478859
 3479359 3479859 3480359 3480859 3481359 3481859 3482359 3482859 3483359
 3483859 3484359 3484859 3485359 3485859 3486359 3486859 3487359 3487859
 3488359 3488859 3489359 3489859 3490359 3490859 3491359 3491859 3492359
 3492859 3493359 3493859 3494359 3494859 3495359 3495859 3496359 3496859
 3497359 3497859 3498359 3498859 3499359 3499859 3500359]",30000,60
173,U540_ses0,29,6,ReturnToBase2,"[64078, 64387]","[3500375, 3509525]",9150,"[3500375 3500875 3501375 3501875 3502375 3502875 3503375 3503875 3504375
 3504875 3505375 3505875 3506375 3506875 3507375 3507875 3508375 3508875
 3509375]",9000,18
174,U540_ses0,30,1,Delay1,"[64404, 64419]","[3511542, 3521558]",10016,"[3511542 3512042 3512542 3513042 3513542 3514042 3514542 3515042 3515542
 3516042 3516542 3517042 3517542 3518042 3518542 3519042 3519542 3520042
 3520542 3521042 3521542]",10000,20
175,U540_ses0,30,2,Encoding,"[64419, 65315]","[3521558, 3551574]",30016,"[3521558 3522058 3522558 3523058 3523558 3524058 3524558 3525058 3525558
 3526058 3526558 3527058 3527558 3528058 3528558 3529058 3529558 3530058
 3530558 3531058 3531558 3532058 3532558 3533058 3533558 3534058 3534558
 3535058 3535558 3536058 3536558 3537058 3537558 3538058 3538558 3539058
 3539558 3540058 3540558 3541058 3541558 3542058 3542558 3543058 3543558
 3544058 3544558 3545058 3545558 3546058 3546558 3547058 3547558 3548058
 3548558 3549058 3549558 3550058 3550558 3551058 3551558]",30000,60
176,U540_ses0,30,3,ReturnToBase1,"[65315, 65316]","[3551574, 3551574]",0,[],0,0
177,U540_ses0,30,4,Delay2,"[65326, 65343]","[3553574, 3563591]",10017,"[3553574 3554074 3554574 3555074 3555574 3556074 3556574 3557074 3557574
 3558074 3558574 3559074 3559574 3560074 3560574 3561074 3561574 3562074
 3562574 3563074 3563574]",10000,20
178,U540_ses0,30,5,Retrieval,"[65343, 66223]","[3563591, 3593608]",30017,"[3563591 3564091 3564591 3565091 3565591 3566091 3566591 3567091 3567591
 3568091 3568591 3569091 3569591 3570091 3570591 3571091 3571591 3572091
 3572591 3573091 3573591 3574091 3574591 3575091 3575591 3576091 3576591
 3577091 3577591 3578091 3578591 3579091 3579591 3580091 3580591 3581091
 3581591 3582091 3582591 3583091 3583591 3584091 3584591 3585091 3585591
 3586091 3586591 3587091 3587591 3588091 3588591 3589091 3589591 3590091
 3590591 3591091 3591591 3592091 3592591 3593091 3593591]",30000,60
179,U540_ses0,30,6,ReturnToBase2,"[66223, 66224]","[3593608, 3593608]",0,[],0,0
180,U540_ses0,31,1,Delay1,"[66240, 66254]","[3595608, 3605624]",10016,"[3595608 3596108 3596608 3597108 3597608 3598108 3598608 3599108 3599608
 3600108 3600608 3601108 3601608 3602108 3602608 3603108 3603608 3604108
 3604608 3605108 3605608]",10000,20
181,U540_ses0,31,2,Encoding,"[66254, 67147]","[3605624, 3635640]",30016,"[3605624 3606124 3606624 3607124 3607624 3608124 3608624 3609124 3609624
 3610124 3610624 3611124 3611624 3612124 3612624 3613124 3613624 3614124
 3614624 3615124 3615624 3616124 3616624 3617124 3617624 3618124 3618624
 3619124 3619624 3620124 3620624 3621124 3621624 3622124 3622624 3623124
 3623624 3624124 3624624 3625124 3625624 3626124 3626624 3627124 3627624
 3628124 3628624 3629124 3629624 3630124 3630624 3631124 3631624 3632124
 3632624 3633124 3633624 3634124 3634624 3635124 3635624]",30000,60
182,U540_ses0,31,3,ReturnToBase1,"[67147, 67148]","[3635640, 3635640]",0,[],0,0
183,U540_ses0,31,4,Delay2,"[67160, 67177]","[3637657, 3647673]",10016,"[3637657 3638157 3638657 3639157 3639657 3640157 3640657 3641157 3641657
 3642157 3642657 3643157 3643657 3644157 3644657 3645157 3645657 3646157
 3646657 3647157 3647657]",10000,20
184,U540_ses0,31,5,Retrieval,"[67177, 67990]","[3647673, 3677688]",30015,"[3647673 3648173 3648673 3649173 3649673 3650173 3650673 3651173 3651673
 3652173 3652673 3653173 3653673 3654173 3654673 3655173 3655673 3656173
 3656673 3657173 3657673 3658173 3658673 3659173 3659673 3660173 3660673
 3661173 3661673 3662173 3662673 3663173 3663673 3664173 3664673 3665173
 3665673 3666173 3666673 3667173 3667673 3668173 3668673 3669173 3669673
 3670173 3670673 3671173 3671673 3672173 3672673 3673173 3673673 3674173
 3674673 3675173 3675673 3676173 3676673 3677173 3677673]",30000,60
185,U540_ses0,31,6,ReturnToBase2,"[67990, 67991]","[3677688, 3677688]",0,[],0,0
186,U540_ses0,32,1,Delay1,"[68007, 68022]","[3679688, 3689705]",10017,"[3679688 3680188 3680688 3681188 3681688 3682188 3682688 3683188 3683688
 3684188 3684688 3685188 3685688 3686188 3686688 3687188 3687688 3688188
 3688688 3689188 3689688]",10000,20
187,U540_ses0,32,2,Encoding,"[68022, 68920]","[3689705, 3719722]",30017,"[3689705 3690205 3690705 3691205 3691705 3692205 3692705 3693205 3693705
 3694205 3694705 3695205 3695705 3696205 3696705 3697205 3697705 3698205
 3698705 3699205 3699705 3700205 3700705 3701205 3701705 3702205 3702705
 3703205 3703705 3704205 3704705 3705205 3705705 3706205 3706705 3707205
 3707705 3708205 3708705 3709205 3709705 3710205 3710705 3711205 3711705
 3712205 3712705 3713205 3713705 3714205 3714705 3715205 3715705 3716205
 3716705 3717205 3717705 3718205 3718705 3719205 3719705]",30000,60
188,U540_ses0,32,3,ReturnToBase1,"[68920, 68921]","[3719722, 3719722]",0,[],0,0
189,U540_ses0,32,4,Delay2,"[68933, 68949]","[3721738, 3731755]",10017,"[3721738 3722238 3722738 3723238 3723738 3724238 3724738 3725238 3725738
 3726238 3726738 3727238 3727738 3728238 3728738 3729238 3729738 3730238
 3730738 3731238 3731738]",10000,20
190,U540_ses0,32,5,Retrieval,"[68949, 69850]","[3731755, 3761771]",30016,"[3731755 3732255 3732755 3733255 3733755 3734255 3734755 3735255 3735755
 3736255 3736755 3737255 3737755 3738255 3738755 3739255 3739755 3740255
 3740755 3741255 3741755 3742255 3742755 3743255 3743755 3744255 3744755
 3745255 3745755 3746255 3746755 3747255 3747755 3748255 3748755 3749255
 3749755 3750255 3750755 3751255 3751755 3752255 3752755 3753255 3753755
 3754255 3754755 3755255 3755755 3756255 3756755 3757255 3757755 3758255
 3758755 3759255 3759755 3760255 3760755 3761255 3761755]",30000,60
191,U540_ses0,32,6,ReturnToBase2,"[69850, 69927]","[3761771, 3764221]",2450,[3761771 3762271 3762771 3763271 3763771],2000,4
192,U540_ses0,33,1,Delay1,"[69944, 69959]","[3766237, 3776238]",10001,"[3766237 3766737 3767237 3767737 3768237 3768737 3769237 3769737 3770237
 3770737 3771237 3771737 3772237 3772737 3773237 3773737 3774237 3774737
 3775237 3775737 3776237]",10000,20
193,U540_ses0,33,2,Encoding,"[69959, 70854]","[3776238, 3806253]",30015,"[3776238 3776738 3777238 3777738 3778238 3778738 3779238 3779738 3780238
 3780738 3781238 3781738 3782238 3782738 3783238 3783738 3784238 3784738
 3785238 3785738 3786238 3786738 3787238 3787738 3788238 3788738 3789238
 3789738 3790238 3790738 3791238 3791738 3792238 3792738 3793238 3793738
 3794238 3794738 3795238 3795738 3796238 3796738 3797238 3797738 3798238
 3798738 3799238 3799738 3800238 3800738 3801238 3801738 3802238 3802738
 3803238 3803738 3804238 3804738 3805238 3805738 3806238]",30000,60
194,U540_ses0,33,3,ReturnToBase1,"[70854, 70855]","[3806253, 3806253]",0,[],0,0
195,U540_ses0,33,4,Delay2,"[70868, 70883]","[3808270, 3818287]",10017,"[3808270 3808770 3809270 3809770 3810270 3810770 3811270 3811770 3812270
 3812770 3813270 3813770 3814270 3814770 3815270 3815770 3816270 3816770
 3817270 3817770 3818270]",10000,20
196,U540_ses0,33,5,Retrieval,"[70883, 71704]","[3818287, 3848303]",30016,"[3818287 3818787 3819287 3819787 3820287 3820787 3821287 3821787 3822287
 3822787 3823287 3823787 3824287 3824787 3825287 3825787 3826287 3826787
 3827287 3827787 3828287 3828787 3829287 3829787 3830287 3830787 3831287
 3831787 3832287 3832787 3833287 3833787 3834287 3834787 3835287 3835787
 3836287 3836787 3837287 3837787 3838287 3838787 3839287 3839787 3840287
 3840787 3841287 3841787 3842287 3842787 3843287 3843787 3844287 3844787
 3845287 3845787 3846287 3846787 3847287 3847787 3848287]",30000,60
197,U540_ses0,33,6,ReturnToBase2,"[71704, 71705]","[3848303, 3848303]",0,[],0,0
198,U540_ses0,34,1,Delay1,"[71721, 71736]","[3850320, 3860335]",10015,"[3850320 3850820 3851320 3851820 3852320 3852820 3853320 3853820 3854320
 3854820 3855320 3855820 3856320 3856820 3857320 3857820 3858320 3858820
 3859320 3859820 3860320]",10000,20
199,U540_ses0,34,2,Encoding,"[71736, 72626]","[3860335, 3890353]",30018,"[3860335 3860835 3861335 3861835 3862335 3862835 3863335 3863835 3864335
 3864835 3865335 3865835 3866335 3866835 3867335 3867835 3868335 3868835
 3869335 3869835 3870335 3870835 3871335 3871835 3872335 3872835 3873335
 3873835 3874335 3874835 3875335 3875835 3876335 3876835 3877335 3877835
 3878335 3878835 3879335 3879835 3880335 3880835 3881335 3881835 3882335
 3882835 3883335 3883835 3884335 3884835 3885335 3885835 3886335 3886835
 3887335 3887835 3888335 3888835 3889335 3889835 3890335]",30000,60
200,U540_ses0,34,3,ReturnToBase1,"[72626, 72627]","[3890353, 3890353]",0,[],0,0
201,U540_ses0,34,4,Delay2,"[72639, 72654]","[3892369, 3902386]",10017,"[3892369 3892869 3893369 3893869 3894369 3894869 3895369 3895869 3896369
 3896869 3897369 3897869 3898369 3898869 3899369 3899869 3900369 3900869
 3901369 3901869 3902369]",10000,20
202,U540_ses0,34,5,Retrieval,"[72654, 73463]","[3902386, 3932401]",30015,"[3902386 3902886 3903386 3903886 3904386 3904886 3905386 3905886 3906386
 3906886 3907386 3907886 3908386 3908886 3909386 3909886 3910386 3910886
 3911386 3911886 3912386 3912886 3913386 3913886 3914386 3914886 3915386
 3915886 3916386 3916886 3917386 3917886 3918386 3918886 3919386 3919886
 3920386 3920886 3921386 3921886 3922386 3922886 3923386 3923886 3924386
 3924886 3925386 3925886 3926386 3926886 3927386 3927886 3928386 3928886
 3929386 3929886 3930386 3930886 3931386 3931886 3932386]",30000,60
203,U540_ses0,34,6,ReturnToBase2,"[73463, 73464]","[3932401, 3932401]",0,[],0,0
204,U540_ses0,35,1,Delay1,"[73478, 73495]","[3934402, 3944418]",10016,"[3934402 3934902 3935402 3935902 3936402 3936902 3937402 3937902 3938402
 3938902 3939402 3939902 3940402 3940902 3941402 3941902 3942402 3942902
 3943402 3943902 3944402]",10000,20
205,U540_ses0,35,2,Encoding,"[73495, 74512]","[3944418, 3974434]",30016,"[3944418 3944918 3945418 3945918 3946418 3946918 3947418 3947918 3948418
 3948918 3949418 3949918 3950418 3950918 3951418 3951918 3952418 3952918
 3953418 3953918 3954418 3954918 3955418 3955918 3956418 3956918 3957418
 3957918 3958418 3958918 3959418 3959918 3960418 3960918 3961418 3961918
 3962418 3962918 3963418 3963918 3964418 3964918 3965418 3965918 3966418
 3966918 3967418 3967918 3968418 3968918 3969418 3969918 3970418 3970918
 3971418 3971918 3972418 3972918 3973418 3973918 3974418]",30000,60
206,U540_ses0,35,3,ReturnToBase1,"[74512, 74513]","[3974434, 3974434]",0,[],0,0
207,U540_ses0,35,4,Delay2,"[74525, 74540]","[3976450, 3986451]",10001,"[3976450 3976950 3977450 3977950 3978450 3978950 3979450 3979950 3980450
 3980950 3981450 3981950 3982450 3982950 3983450 3983950 3984450 3984950
 3985450 3985950 3986450]",10000,20
208,U540_ses0,35,5,Retrieval,"[74540, 75540]","[3986451, 4016467]",30016,"[3986451 3986951 3987451 3987951 3988451 3988951 3989451 3989951 3990451
 3990951 3991451 3991951 3992451 3992951 3993451 3993951 3994451 3994951
 3995451 3995951 3996451 3996951 3997451 3997951 3998451 3998951 3999451
 3999951 4000451 4000951 4001451 4001951 4002451 4002951 4003451 4003951
 4004451 4004951 4005451 4005951 4006451 4006951 4007451 4007951 4008451
 4008951 4009451 4009951 4010451 4010951 4011451 4011951 4012451 4012951
 4013451 4013951 4014451 4014951 4015451 4015951 4016451]",30000,60
209,U540_ses0,35,6,ReturnToBase2,"[75540, 75541]","[4016467, 4016467]",0,[],0,0
210,U540_ses0,36,1,Delay1,"[75555, 75572]","[4018467, 4028483]",10016,"[4018467 4018967 4019467 4019967 4020467 4020967 4021467 4021967 4022467
 4022967 4023467 4023967 4024467 4024967 4025467 4025967 4026467 4026967
 4027467 4027967 4028467]",10000,20
211,U540_ses0,36,2,Encoding,"[75572, 76590]","[4028483, 4058499]",30016,"[4028483 4028983 4029483 4029983 4030483 4030983 4031483 4031983 4032483
 4032983 4033483 4033983 4034483 4034983 4035483 4035983 4036483 4036983
 4037483 4037983 4038483 4038983 4039483 4039983 4040483 4040983 4041483
 4041983 4042483 4042983 4043483 4043983 4044483 4044983 4045483 4045983
 4046483 4046983 4047483 4047983 4048483 4048983 4049483 4049983 4050483
 4050983 4051483 4051983 4052483 4052983 4053483 4053983 4054483 4054983
 4055483 4055983 4056483 4056983 4057483 4057983 4058483]",30000,60
212,U540_ses0,36,3,ReturnToBase1,"[76590, 76591]","[4058499, 4058499]",0,[],0,0
213,U540_ses0,36,4,Delay2,"[76601, 76618]","[4060500, 4070517]",10017,"[4060500 4061000 4061500 4062000 4062500 4063000 4063500 4064000 4064500
 4065000 4065500 4066000 4066500 4067000 4067500 4068000 4068500 4069000
 4069500 4070000 4070500]",10000,20
214,U540_ses0,36,5,Retrieval,"[76618, 77545]","[4070517, 4100532]",30015,"[4070517 4071017 4071517 4072017 4072517 4073017 4073517 4074017 4074517
 4075017 4075517 4076017 4076517 4077017 4077517 4078017 4078517 4079017
 4079517 4080017 4080517 4081017 4081517 4082017 4082517 4083017 4083517
 4084017 4084517 4085017 4085517 4086017 4086517 4087017 4087517 4088017
 4088517 4089017 4089517 4090017 4090517 4091017 4091517 4092017 4092517
 4093017 4093517 4094017 4094517 4095017 4095517 4096017 4096517 4097017
 4097517 4098017 4098517 4099017 4099517 4100017 4100517]",30000,60
215,U540_ses0,36,6,ReturnToBase2,"[77545, 77546]","[4100532, 4100532]",0,[],0,0
